Generated by http://opendatacommunities.org,2017-01-30T15:34:01+00:00
http://opendatacommunities.org/data/planning/decisions/major-and-minor-development-type/development-type,"Planning Applications Decisions - Major and Minor Developments , England, District by Development Type"
DCLG Planning Decisions Major and Minor Developmets by Development Type,Dwellings
Measure (cell values):,Decisions

,,http://reference.data.gov.uk/id/gregorian-interval/2012-10-01T00:00:00/P12M,http://reference.data.gov.uk/id/gregorian-interval/2013-01-01T00:00:00/P12M,http://reference.data.gov.uk/id/gregorian-interval/2013-04-01T00:00:00/P12M,http://reference.data.gov.uk/id/gregorian-interval/2013-07-01T00:00:00/P12M,http://reference.data.gov.uk/id/gregorian-interval/2013-10-01T00:00:00/P12M,http://reference.data.gov.uk/id/gregorian-interval/2014-01-01T00:00:00/P12M,http://reference.data.gov.uk/id/gregorian-interval/2014-04-01T00:00:00/P12M,http://reference.data.gov.uk/id/gregorian-interval/2014-07-01T00:00:00/P12M,http://reference.data.gov.uk/id/gregorian-interval/2014-10-01T00:00:00/P12M,http://reference.data.gov.uk/id/gregorian-interval/2015-01-01T00:00:00/P12M,http://reference.data.gov.uk/id/gregorian-interval/2015-04-01T00:00:00/P12M,http://reference.data.gov.uk/id/gregorian-interval/2015-07-01T00:00:00/P12M,http://reference.data.gov.uk/id/gregorian-interval/2015-10-01T00:00:00/P12M
http://opendatacommunities.org/def/ontology/geography/refArea,Reference area,Year ending 2013-09-30,Year ending 2013-12-31,Year ending 2014-03-31,Year ending 2014-06-30,Year ending 2014-09-30,Year ending 2014-12-31,Year ending 2015-03-31,Year ending 2015-06-30,Year ending 2015-09-30,Year ending 2015-12-31,Year ending 2016-03-31,Year ending 2016-06-30,Year ending 2016-09-30
http://opendatacommunities.org/id/geography/administration/nmd/E07000223,Adur E07000223,42,40,41,36,35,35,30,31,25,24,30,32,42
http://opendatacommunities.org/id/geography/administration/nmd/E07000026,Allerdale E07000026,147,161,144,140,135,134,122,124,112,98,104,115,118
http://opendatacommunities.org/id/geography/administration/nmd/E07000032,Amber Valley E07000032,120,119,121,127,145,158,161,166,162,164,183,184,197
http://opendatacommunities.org/id/geography/administration/nmd/E07000224,Arun E07000224,132,134,137,135,157,168,184,188,185,175,158,154,156
http://opendatacommunities.org/id/geography/administration/nmd/E07000170,Ashfield E07000170,133,140,133,119,111,105,100,104,91,84,82,85,94
http://opendatacommunities.org/id/geography/administration/nmd/E07000105,Ashford E07000105,112,118,116,123,132,137,158,188,190,195,169,153,169
http://opendatacommunities.org/id/geography/administration/nmd/E07000004,Aylesbury Vale E07000004,279,301,265,262,259,246,262,260,270,283,307,339,345
http://opendatacommunities.org/id/geography/administration/nmd/E07000200,Babergh E07000200,134,121,117,104,110,114,137,149,146,152,148,150,169
http://opendatacommunities.org/id/geography/administration/lonb/E09000002,Barking and Dagenham E09000002,48,53,48,45,46,58,63,70,74,68,82,77,97
http://opendatacommunities.org/id/geography/administration/lonb/E09000003,Barnet E09000003,509,530,537,525,553,494,493,491,467,539,569,568,594
http://opendatacommunities.org/id/geography/administration/md/E08000016,Barnsley E08000016,168,180,188,178,178,172,168,169,156,162,160,157,170
http://opendatacommunities.org/id/geography/administration/nmd/E07000027,Barrow-in-Furness E07000027,30,30,27,26,21,26,27,29,34,35,35,31,26
http://opendatacommunities.org/id/geography/administration/nmd/E07000066,Basildon E07000066,99,101,105,104,97,101,93,93,104,120,126,138,139
http://opendatacommunities.org/id/geography/administration/nmd/E07000084,Basingstoke and Deane E07000084,112,117,124,149,149,153,162,140,150,137,155,186,203
http://opendatacommunities.org/id/geography/administration/nmd/E07000171,Bassetlaw E07000171,187,183,98,107,114,118,122,128,143,151,153,149,150
http://opendatacommunities.org/id/geography/administration/ua/E06000022,Bath and North East Somerset E06000022,267,266,277,254,254,258,261,256,249,258,246,267,265
http://opendatacommunities.org/id/geography/administration/ua/E06000055,Bedford E06000055,130,142,162,165,161,151,145,150,148,161,155,156,155
http://opendatacommunities.org/id/geography/administration/lonb/E09000004,Bexley E09000004,95,102,104,114,118,120,134,141,151,166,172,177,183
http://opendatacommunities.org/id/geography/administration/md/E08000025,Birmingham E08000025,230,232,243,242,257,257,275,298,280,299,279,278,285
http://opendatacommunities.org/id/geography/administration/nmd/E07000129,Blaby E07000129,64,81,87,82,107,132,129,136,133,100,97,96,92
http://opendatacommunities.org/id/geography/administration/ua/E06000008,Blackburn with Darwen E06000008,32,30,28,29,25,25,29,31,37,35,28,40,46
http://opendatacommunities.org/id/geography/administration/ua/E06000009,Blackpool E06000009,32,31,32,33,31,26,21,26,24,26,33,30,35
http://opendatacommunities.org/id/geography/administration/nmd/E07000033,Bolsover E07000033,61,68,74,81,72,72,82,76,80,81,82,90,105
http://opendatacommunities.org/id/geography/administration/md/E08000001,Bolton E08000001,136,137,132,141,135,145,161,154,153,154,144,159,156
http://opendatacommunities.org/id/geography/administration/nmd/E07000136,Boston E07000136,49,45,45,50,50,58,63,73,85,80,89,89,87
http://opendatacommunities.org/id/geography/administration/ua/E06000028,Bournemouth E06000028,159,167,175,173,175,182,201,250,275,281,282,241,245
http://opendatacommunities.org/id/geography/administration/ua/E06000036,Bracknell Forest E06000036,111,108,102,83,79,70,76,80,83,94,94,123,130
http://opendatacommunities.org/id/geography/administration/md/E08000032,Bradford E08000032,434,464,445,404,427,413,430,460,455,441,413,422,421
http://opendatacommunities.org/id/geography/administration/nmd/E07000067,Braintree E07000067,191,186,167,157,168,178,208,204,198,196,179,222,230
http://opendatacommunities.org/id/geography/administration/nmd/E07000143,Breckland E07000143,210,222,220,235,234,247,285,262,289,289,288,339,360
http://opendatacommunities.org/id/geography/administration/lonb/E09000005,Brent E09000005,170,174,190,189,191,203,210,227,238,252,265,250,274
http://opendatacommunities.org/id/geography/administration/nmd/E07000068,Brentwood E07000068,90,111,125,128,131,122,115,114,112,129,136,150,164
http://opendatacommunities.org/id/geography/administration/ua/E06000043,Brighton and Hove E06000043,284,300,291,274,287,294,306,308,311,305,320,361,370
http://opendatacommunities.org/id/geography/administration/ua/E06000023,"Bristol, City of E06000023",568,541,576,590,595,600,633,646,673,673,679,687,714
http://opendatacommunities.org/id/geography/administration/nmd/E07000144,Broadland E07000144,201,200,191,169,195,207,219,229,236,219,204,208,200
http://opendatacommunities.org/id/geography/administration/lonb/E09000006,Bromley E09000006,317,278,244,223,219,236,234,229,315,391,437,454,394
http://opendatacommunities.org/id/geography/administration/nmd/E07000234,Bromsgrove E07000234,83,68,69,94,99,116,136,110,125,132,124,127,120
http://opendatacommunities.org/id/geography/administration/nmd/E07000095,Broxbourne E07000095,87,92,90,85,71,65,66,67,76,84,85,100,105
http://opendatacommunities.org/id/geography/administration/nmd/E07000172,Broxtowe E07000172,60,68,67,67,67,65,70,79,85,84,91,88,82
http://opendatacommunities.org/id/geography/administration/nmd/E07000117,Burnley E07000117,25,29,31,28,24,23,19,23,25,22,22,24,20
http://opendatacommunities.org/id/geography/administration/md/E08000002,Bury E08000002,59,53,54,64,63,72,70,49,52,57,57,70,71
http://opendatacommunities.org/id/geography/administration/md/E08000033,Calderdale E08000033,233,244,238,250,278,267,274,266,240,236,234,243,245
http://opendatacommunities.org/id/geography/administration/nmd/E07000008,Cambridge E07000008,140,137,144,148,136,140,144,136,155,152,149,161,147
http://opendatacommunities.org/id/geography/administration/lonb/E09000007,Camden E09000007,969,921,878,837,815,814,855,846,831,758,727,737,721
http://opendatacommunities.org/id/geography/administration/nmd/E07000192,Cannock Chase E07000192,47,40,38,34,38,43,48,65,64,62,62,51,50
http://opendatacommunities.org/id/geography/administration/nmd/E07000106,Canterbury E07000106,165,157,161,165,156,196,229,249,265,277,264,282,305
http://opendatacommunities.org/id/geography/administration/nmd/E07000028,Carlisle E07000028,130,131,138,141,153,155,149,137,135,139,159,169,169
http://opendatacommunities.org/id/geography/administration/nmd/E07000069,Castle Point E07000069,69,78,81,78,88,92,96,105,96,97,104,111,117
http://opendatacommunities.org/id/geography/administration/ua/E06000056,Central Bedfordshire E06000056,287,280,272,265,267,266,301,332,350,360,351,358,364
http://opendatacommunities.org/id/geography/administration/nmd/E07000130,Charnwood E07000130,160,171,184,184,177,180,185,202,216,209,190,178,166
http://opendatacommunities.org/id/geography/administration/nmd/E07000070,Chelmsford E07000070,127,131,140,159,161,190,188,189,214,207,243,249,240
http://opendatacommunities.org/id/geography/administration/nmd/E07000078,Cheltenham E07000078,80,80,96,98,92,97,91,100,112,110,116,115,106
http://opendatacommunities.org/id/geography/administration/nmd/E07000177,Cherwell E07000177,202,218,220,240,233,219,239,246,242,253,252,245,259
http://opendatacommunities.org/id/geography/administration/ua/E06000049,Cheshire East E06000049,490,491,503,502,529,528,528,545,579,592,620,614,647
http://opendatacommunities.org/id/geography/administration/ua/E06000050,Cheshire West and Chester E06000050,367,420,458,457,466,490,484,484,470,446,440,428,430
http://opendatacommunities.org/id/geography/administration/nmd/E07000034,Chesterfield E07000034,55,61,59,58,62,57,58,51,52,60,80,82,87
http://opendatacommunities.org/id/geography/administration/nmd/E07000225,Chichester E07000225,161,170,180,180,176,183,181,197,200,188,194,201,207
http://opendatacommunities.org/id/geography/administration/nmd/E07000005,Chiltern E07000005,157,153,169,179,187,200,189,187,170,151,150,156,202
http://opendatacommunities.org/id/geography/administration/nmd/E07000118,Chorley E07000118,132,131,128,128,115,127,134,133,132,129,136,148,140
http://opendatacommunities.org/id/geography/administration/nmd/E07000048,Christchurch E07000048,66,65,71,79,88,83,88,86,73,81,72,71,70
http://opendatacommunities.org/id/geography/administration/lonb/E09000001,City of London E09000001,9,10,13,15,13,12,11,10,8,7,7,5,5
http://opendatacommunities.org/id/geography/administration/nmd/E07000071,Colchester E07000071,129,141,153,157,155,149,159,154,162,169,168,170,169
http://opendatacommunities.org/id/geography/administration/nmd/E07000029,Copeland E07000029,84,76,78,73,68,64,67,69,72,71,68,68,62
http://opendatacommunities.org/id/geography/administration/nmd/E07000150,Corby E07000150,32,30,29,27,29,36,38,34,34,26,23,24,21
http://opendatacommunities.org/id/geography/administration/ua/E06000052,Cornwall E06000052,1660,1661,1615,1652,1673,1688,1768,1858,1902,1924,1923,1947,2036
http://opendatacommunities.org/id/geography/administration/nmd/E07000079,Cotswold E07000079,110,115,144,159,174,207,215,224,230,217,221,216,228
http://opendatacommunities.org/id/geography/administration/ua/E06000047,County Durham E06000047,303,347,331,322,338,310,306,318,322,317,327,324,341
http://opendatacommunities.org/id/geography/administration/md/E08000026,Coventry E08000026,83,104,116,129,141,132,125,120,114,116,112,114,122
http://opendatacommunities.org/id/geography/administration/nmd/E07000163,Craven E07000163,93,93,91,111,112,119,114,104,110,112,127,130,129
http://opendatacommunities.org/id/geography/administration/nmd/E07000226,Crawley E07000226,48,43,38,31,26,24,20,32,32,35,42,38,48
http://opendatacommunities.org/id/geography/administration/lonb/E09000008,Croydon E09000008,440,430,384,373,358,360,393,451,486,500,540,521,537
http://opendatacommunities.org/id/geography/administration/nmd/E07000096,Dacorum E07000096,142,141,146,137,142,144,162,204,205,213,209,187,189
http://opendatacommunities.org/id/geography/administration/ua/E06000005,Darlington E06000005,38,32,30,34,41,45,48,54,52,56,49,44,52
http://opendatacommunities.org/id/geography/administration/nmd/E07000107,Dartford E07000107,62,62,71,58,60,68,62,64,74,66,75,77,66
http://opendatacommunities.org/id/geography/administration/npark/E26000001,Dartmoor National Park E26000001,55,56,57,57,64,63,66,70,62,62,57,52,48
http://opendatacommunities.org/id/geography/administration/nmd/E07000151,Daventry E07000151,142,147,165,160,170,180,181,176,189,175,170,188,162
http://opendatacommunities.org/id/geography/administration/ua/E06000015,Derby E06000015,86,92,89,96,112,127,140,143,151,139,134,134,134
http://opendatacommunities.org/id/geography/administration/nmd/E07000035,Derbyshire Dales E07000035,79,89,90,89,92,84,84,92,98,119,125,121,124
http://opendatacommunities.org/id/geography/administration/md/E08000017,Doncaster E08000017,206,217,219,232,230,227,253,246,258,270,240,239,240
http://opendatacommunities.org/id/geography/administration/nmd/E07000108,Dover E07000108,120,126,131,123,131,131,122,125,122,132,157,178,180
http://opendatacommunities.org/id/geography/administration/md/E08000027,Dudley E08000027,178,183,186,189,178,160,144,147,146,141,146,119,118
http://opendatacommunities.org/id/geography/administration/lonb/E09000009,Ealing E09000009,287,309,313,315,295,267,287,291,284,280,291,321,374
http://opendatacommunities.org/id/geography/administration/nmd/E07000009,East Cambridgeshire E07000009,121,134,116,129,132,145,149,161,178,178,201,236,295
http://opendatacommunities.org/id/geography/administration/nmd/E07000040,East Devon E07000040,282,320,336,347,348,325,335,356,357,374,354,325,348
http://opendatacommunities.org/id/geography/administration/nmd/E07000049,East Dorset E07000049,101,109,114,124,130,116,115,116,110,112,113,108,112
http://opendatacommunities.org/id/geography/administration/nmd/E07000085,East Hampshire E07000085,148,131,139,146,148,163,188,193,187,180,149,145,146
http://opendatacommunities.org/id/geography/administration/nmd/E07000097,East Hertfordshire E07000097,215,244,255,260,226,213,199,201,208,207,236,238,251
http://opendatacommunities.org/id/geography/administration/nmd/E07000137,East Lindsey E07000137,160,163,184,205,224,259,259,268,275,284,300,311,336
http://opendatacommunities.org/id/geography/administration/nmd/E07000152,East Northamptonshire E07000152,118,136,141,133,138,122,139,171,161,160,152,136,136
http://opendatacommunities.org/id/geography/administration/ua/E06000011,East Riding of Yorkshire E06000011,431,452,474,469,466,449,459,456,458,465,452,478,493
http://opendatacommunities.org/id/geography/administration/nmd/E07000193,East Staffordshire E07000193,146,145,142,137,148,168,171,169,173,157,167,161,153
http://opendatacommunities.org/id/geography/administration/nmd/E07000061,Eastbourne E07000061,62,58,52,59,59,49,49,40,46,57,59,76,76
http://opendatacommunities.org/id/geography/administration/nmd/E07000086,Eastleigh E07000086,79,77,70,88,103,105,109,108,100,100,108,111,117
http://opendatacommunities.org/id/geography/administration/nmd/E07000030,Eden E07000030,130,121,112,99,94,77,99,118,117,127,113,109,130
http://opendatacommunities.org/id/geography/administration/nmd/E07000207,Elmbridge E07000207,328,317,309,355,341,376,389,405,403,388,351,286,256
http://opendatacommunities.org/id/geography/administration/lonb/E09000010,Enfield E09000010,149,154,163,165,161,172,211,266,292,296,263,226,231
http://opendatacommunities.org/id/geography/administration/nmd/E07000072,Epping Forest E07000072,224,228,232,240,259,275,289,281,286,298,316,333,356
http://opendatacommunities.org/id/geography/administration/nmd/E07000208,Epsom and Ewell E07000208,38,44,44,46,43,41,50,54,65,66,68,67,62
http://opendatacommunities.org/id/geography/administration/nmd/E07000036,Erewash E07000036,105,114,127,110,92,81,69,66,73,90,100,124,128
http://opendatacommunities.org/id/geography/administration/nmd/E07000041,Exeter E07000041,87,97,102,92,92,73,76,85,91,96,99,105,115
http://opendatacommunities.org/id/geography/administration/npark/E26000002,Exmoor National Park E26000002,14,15,13,15,13,16,18,15,13,8,6,7,12
http://opendatacommunities.org/id/geography/administration/nmd/E07000087,Fareham E07000087,91,85,78,67,67,77,83,85,85,97,99,99,93
http://opendatacommunities.org/id/geography/administration/nmd/E07000010,Fenland E07000010,299,302,304,300,275,265,274,253,253,246,231,245,248
http://opendatacommunities.org/id/geography/administration/nmd/E07000201,Forest Heath E07000201,68,58,53,61,61,79,93,90,96,92,78,78,79
http://opendatacommunities.org/id/geography/administration/nmd/E07000080,Forest of Dean E07000080,132,129,143,158,157,158,157,148,163,177,185,196,182
http://opendatacommunities.org/id/geography/administration/nmd/E07000119,Fylde E07000119,67,76,80,68,78,72,72,89,87,86,92,82,80
http://opendatacommunities.org/id/geography/administration/md/E08000020,Gateshead E08000020,105,114,115,102,94,78,75,75,76,73,81,86,81
http://opendatacommunities.org/id/geography/administration/nmd/E07000173,Gedling E07000173,82,84,77,88,89,86,92,92,101,117,114,118,110
http://opendatacommunities.org/id/geography/administration/nmd/E07000081,Gloucester E07000081,65,74,69,80,77,64,74,78,81,85,77,70,63
http://opendatacommunities.org/id/geography/administration/nmd/E07000088,Gosport E07000088,36,33,37,35,35,30,23,29,27,31,41,39,38
http://opendatacommunities.org/id/geography/administration/nmd/E07000109,Gravesham E07000109,71,81,79,81,88,79,85,89,82,93,83,72,62
http://opendatacommunities.org/id/geography/administration/nmd/E07000145,Great Yarmouth E07000145,85,99,106,110,115,120,112,112,113,110,109,110,131
http://opendatacommunities.org/id/geography/administration/lonb/E09000011,Greenwich E09000011,68,80,85,86,102,107,114,117,108,99,86,82,82
http://opendatacommunities.org/id/geography/administration/nmd/E07000209,Guildford E07000209,191,200,193,207,240,242,229,236,228,227,254,249,255
http://opendatacommunities.org/id/geography/administration/lonb/E09000012,Hackney E09000012,376,368,327,279,247,230,225,256,247,232,244,223,232
http://opendatacommunities.org/id/geography/administration/ua/E06000006,Halton E06000006,58,52,57,49,47,43,46,55,47,54,54,51,56
http://opendatacommunities.org/id/geography/administration/nmd/E07000164,Hambleton E07000164,115,129,129,133,122,110,131,151,165,188,193,205,237
http://opendatacommunities.org/id/geography/administration/lonb/E09000013,Hammersmith and Fulham E09000013,205,234,257,257,292,310,316,336,325,344,361,375,388
http://opendatacommunities.org/id/geography/administration/nmd/E07000131,Harborough E07000131,138,144,140,135,138,154,175,179,182,180,163,177,174
http://opendatacommunities.org/id/geography/administration/lonb/E09000014,Haringey E09000014,199,187,196,200,209,217,207,209,218,244,268,295,328
http://opendatacommunities.org/id/geography/administration/nmd/E07000073,Harlow E07000073,33,34,38,33,35,35,29,27,28,25,26,27,31
http://opendatacommunities.org/id/geography/administration/nmd/E07000165,Harrogate E07000165,228,219,220,235,246,275,290,307,352,373,397,399,366
http://opendatacommunities.org/id/geography/administration/lonb/E09000015,Harrow E09000015,197,201,199,181,189,185,199,224,248,268,280,284,262
http://opendatacommunities.org/id/geography/administration/nmd/E07000089,Hart E07000089,86,78,87,89,90,95,105,106,117,114,111,108,97
http://opendatacommunities.org/id/geography/administration/ua/E06000001,Hartlepool E06000001,40,45,47,46,54,49,47,44,37,35,31,32,42
http://opendatacommunities.org/id/geography/administration/nmd/E07000062,Hastings E07000062,132,126,116,110,109,109,129,121,111,106,77,76,85
http://opendatacommunities.org/id/geography/administration/nmd/E07000090,Havant E07000090,115,108,99,81,71,71,73,83,92,92,93,90,95
http://opendatacommunities.org/id/geography/administration/lonb/E09000016,Havering E09000016,158,169,183,195,195,211,228,243,247,216,188,190,199
http://opendatacommunities.org/id/geography/administration/ua/E06000019,"Herefordshire, County of E06000019",347,346,339,333,355,405,443,459,475,480,502,539,580
http://opendatacommunities.org/id/geography/administration/nmd/E07000098,Hertsmere E07000098,134,146,153,145,131,152,270,283,298,292,181,184,180
http://opendatacommunities.org/id/geography/administration/nmd/E07000037,High Peak E07000037,122,116,109,105,88,95,98,106,121,124,119,111,96
http://opendatacommunities.org/id/geography/administration/lonb/E09000017,Hillingdon E09000017,227,236,221,225,233,236,264,254,258,260,244,252,247
http://opendatacommunities.org/id/geography/administration/nmd/E07000132,Hinckley and Bosworth E07000132,134,134,136,134,134,146,177,185,183,180,166,171,179
http://opendatacommunities.org/id/geography/administration/nmd/E07000227,Horsham E07000227,195,192,199,206,205,215,229,248,254,259,258,248,253
http://opendatacommunities.org/id/geography/administration/lonb/E09000018,Hounslow E09000018,179,164,158,169,163,169,168,172,179,183,207,209,219
http://opendatacommunities.org/id/geography/administration/nmd/E07000011,Huntingdonshire E07000011,130,121,118,110,130,137,152,161,151,181,188,201,224
http://opendatacommunities.org/id/geography/administration/nmd/E07000120,Hyndburn E07000120,34,32,35,35,33,36,33,30,34,31,36,50,52
http://opendatacommunities.org/id/geography/administration/nmd/E07000202,Ipswich E07000202,49,49,47,52,59,61,67,75,76,72,74,65,65
http://opendatacommunities.org/id/geography/administration/ua/E06000046,Isle of Wight E06000046,237,238,220,203,174,166,177,188,223,229,227,251,240
http://opendatacommunities.org/id/geography/administration/ua/E06000053,Isles of Scilly E06000053,2,3,8,8,7,6,1,0,0,1,1,3,7
http://opendatacommunities.org/id/geography/administration/lonb/E09000019,Islington E09000019,213,196,187,203,246,254,276,303,301,317,310,299,385
http://opendatacommunities.org/id/geography/administration/lonb/E09000020,Kensington and Chelsea E09000020,887,886,897,948,994,1032,985,934,1129,1150,1273,1255,1079
http://opendatacommunities.org/id/geography/administration/nmd/E07000153,Kettering E07000153,91,97,89,94,94,87,94,96,95,101,102,106,104
http://opendatacommunities.org/id/geography/administration/nmd/E07000146,King's Lynn and West Norfolk E07000146,349,358,359,364,361,360,374,363,372,404,458,589,631
http://opendatacommunities.org/id/geography/administration/ua/E06000010,"Kingston upon Hull, City of E06000010",67,69,86,81,84,83,67,62,61,55,41,53,62
http://opendatacommunities.org/id/geography/administration/lonb/E09000021,Kingston upon Thames E09000021,154,133,115,133,153,162,174,163,157,168,179,183,209
http://opendatacommunities.org/id/geography/administration/md/E08000034,Kirklees E08000034,443,434,401,405,417,385,383,392,399,444,465,462,424
http://opendatacommunities.org/id/geography/administration/md/E08000011,Knowsley E08000011,52,50,51,61,62,49,51,43,47,52,58,58,48
http://opendatacommunities.org/id/geography/administration/npark/E26000003,Lake District National Park E26000003,161,172,170,170,174,193,184,178,184,177,192,224,227
http://opendatacommunities.org/id/geography/administration/lonb/E09000022,Lambeth E09000022,259,263,291,296,314,310,277,252,244,225,219,225,211
http://opendatacommunities.org/id/geography/administration/nmd/E07000121,Lancaster E07000121,76,84,73,74,69,79,93,94,104,93,91,103,113
http://opendatacommunities.org/id/geography/administration/md/E08000035,Leeds E08000035,314,323,320,335,339,353,391,416,445,424,418,385,354
http://opendatacommunities.org/id/geography/administration/ua/E06000016,Leicester E06000016,185,181,173,167,161,177,177,181,172,158,142,129,138
http://opendatacommunities.org/id/geography/administration/nmd/E07000063,Lewes E07000063,82,84,86,89,95,94,160,181,171,177,115,102,103
http://opendatacommunities.org/id/geography/administration/lonb/E09000023,Lewisham E09000023,153,152,173,177,192,193,195,186,190,209,235,270,295
http://opendatacommunities.org/id/geography/administration/nmd/E07000194,Lichfield E07000194,103,99,100,107,95,92,90,93,86,95,102,118,127
http://opendatacommunities.org/id/geography/administration/nmd/E07000138,Lincoln E07000138,76,74,71,74,61,57,71,63,73,68,59,62,57
http://opendatacommunities.org/id/geography/administration/md/E08000012,Liverpool E08000012,202,187,173,172,171,181,172,173,194,233,236,242,219
http://opendatacommunities.org/id/geography/administration/ua/E06000032,Luton E06000032,71,78,76,71,80,78,82,102,107,101,98,88,95
http://opendatacommunities.org/id/geography/administration/nmd/E07000110,Maidstone E07000110,178,169,169,169,167,158,167,176,201,244,248,276,264
http://opendatacommunities.org/id/geography/administration/nmd/E07000074,Maldon E07000074,153,175,185,190,182,172,174,185,214,222,211,209,193
http://opendatacommunities.org/id/geography/administration/nmd/E07000235,Malvern Hills E07000235,131,136,138,153,170,180,211,201,219,223,187,176,154
http://opendatacommunities.org/id/geography/administration/md/E08000003,Manchester E08000003,123,124,117,113,133,130,144,153,171,205,200,224,230
http://opendatacommunities.org/id/geography/administration/nmd/E07000174,Mansfield E07000174,59,56,57,67,77,73,79,70,62,61,55,61,62
http://opendatacommunities.org/id/geography/administration/ua/E06000035,Medway E06000035,182,168,178,174,170,188,178,182,175,154,149,153,157
http://opendatacommunities.org/id/geography/administration/nmd/E07000133,Melton E07000133,79,87,77,76,74,65,70,77,80,92,93,95,114
http://opendatacommunities.org/id/geography/administration/nmd/E07000187,Mendip E07000187,235,233,273,277,330,354,340,339,321,282,278,283,273
http://opendatacommunities.org/id/geography/administration/lonb/E09000024,Merton E09000024,119,128,168,165,173,182,191,222,220,202,172,204,227
http://opendatacommunities.org/id/geography/administration/nmd/E07000042,Mid Devon E07000042,132,149,156,150,153,146,148,160,162,151,141,128,117
http://opendatacommunities.org/id/geography/administration/nmd/E07000203,Mid Suffolk E07000203,175,170,179,148,146,154,168,197,218,212,211,213,211
http://opendatacommunities.org/id/geography/administration/nmd/E07000228,Mid Sussex E07000228,186,210,218,212,230,225,224,243,248,252,256,246,247
http://opendatacommunities.org/id/geography/administration/ua/E06000002,Middlesbrough E06000002,64,51,49,51,64,73,71,67,68,55,54,58,38
http://opendatacommunities.org/id/geography/administration/ua/E06000042,Milton Keynes E06000042,88,91,102,106,115,114,112,125,123,122,124,116,104
http://opendatacommunities.org/id/geography/administration/nmd/E07000210,Mole Valley E07000210,129,145,151,157,163,153,157,145,150,153,163,180,190
http://opendatacommunities.org/id/geography/administration/nmd/E07000091,New Forest E07000091,120,127,128,127,126,139,144,150,152,149,157,157,159
http://opendatacommunities.org/id/geography/administration/npark/E26000009,New Forest National Park E26000009,69,60,58,56,51,46,49,54,59,69,63,66,70
http://opendatacommunities.org/id/geography/administration/nmd/E07000175,Newark and Sherwood E07000175,125,120,128,119,125,125,130,137,140,145,127,117,133
http://opendatacommunities.org/id/geography/administration/md/E08000021,Newcastle upon Tyne E08000021,123,128,127,122,128,150,143,155,150,143,152,139,144
http://opendatacommunities.org/id/geography/administration/nmd/E07000195,Newcastle-under-Lyme E07000195,101,108,117,122,121,122,112,127,138,158,175,178,172
http://opendatacommunities.org/id/geography/administration/lonb/E09000025,Newham E09000025,119,138,143,138,124,124,127,137,152,142,145,153,142
http://opendatacommunities.org/id/geography/administration/nmd/E07000043,North Devon E07000043,228,218,218,242,230,233,228,206,242,252,260,276,254
http://opendatacommunities.org/id/geography/administration/nmd/E07000050,North Dorset E07000050,139,145,129,119,125,149,158,183,195,186,176,175,164
http://opendatacommunities.org/id/geography/administration/nmd/E07000038,North East Derbyshire E07000038,173,177,169,174,158,164,156,147,157,163,171,192,174
http://opendatacommunities.org/id/geography/administration/ua/E06000012,North East Lincolnshire E06000012,91,82,78,68,71,74,85,108,107,116,109,99,104
http://opendatacommunities.org/id/geography/administration/nmd/E07000099,North Hertfordshire E07000099,122,121,121,111,110,115,120,117,128,138,142,148,148
http://opendatacommunities.org/id/geography/administration/nmd/E07000139,North Kesteven E07000139,120,126,138,162,168,169,180,178,192,213,216,221,231
http://opendatacommunities.org/id/geography/administration/ua/E06000013,North Lincolnshire E06000013,171,184,178,164,164,164,163,179,206,225,233,237,235
http://opendatacommunities.org/id/geography/administration/nmd/E07000147,North Norfolk E07000147,174,194,239,257,295,319,290,288,257,249,261,249,261
http://opendatacommunities.org/id/geography/administration/ua/E06000024,North Somerset E06000024,164,171,177,167,177,182,193,206,226,217,217,233,220
http://opendatacommunities.org/id/geography/administration/md/E08000022,North Tyneside E08000022,95,100,98,101,92,93,95,90,99,101,89,82,71
http://opendatacommunities.org/id/geography/administration/nmd/E07000218,North Warwickshire E07000218,74,84,87,86,87,84,89,100,101,96,97,96,109
http://opendatacommunities.org/id/geography/administration/nmd/E07000134,North West Leicestershire E07000134,102,105,118,127,133,159,163,179,194,184,185,177,159
http://opendatacommunities.org/id/geography/administration/npark/E26000005,North York Moors National Park E26000005,21,28,26,34,34,33,38,37,48,47,48,48,46
http://opendatacommunities.org/id/geography/administration/nmd/E07000154,Northampton E07000154,125,126,133,134,135,133,127,124,114,113,123,126,140
http://opendatacommunities.org/id/geography/administration/ua/E06000048,Northumberland E06000048,323,353,353,362,365,375,412,424,437,458,456,463,464
http://opendatacommunities.org/id/geography/administration/npark/E26000004,Northumberland National Park E26000004,4,5,6,8,8,6,6,5,4,7,8,8,9
http://opendatacommunities.org/id/geography/administration/nmd/E07000148,Norwich E07000148,118,107,107,85,78,76,74,75,81,86,86,85,81
http://opendatacommunities.org/id/geography/administration/ua/E06000018,Nottingham E06000018,151,143,145,144,155,155,154,151,146,162,175,183,188
http://opendatacommunities.org/id/geography/administration/nmd/E07000219,Nuneaton and Bedworth E07000219,62,64,59,61,64,69,61,73,76,83,88,76,67
http://opendatacommunities.org/id/geography/administration/nmd/E07000135,Oadby and Wigston E07000135,35,37,41,45,46,47,43,39,38,36,36,41,39
http://opendatacommunities.org/id/geography/administration/md/E08000004,Oldham E08000004,85,92,88,83,87,78,83,80,84,99,101,100,84
http://opendatacommunities.org/id/geography/administration/nmd/E07000178,Oxford E07000178,185,190,181,164,141,108,105,122,134,152,146,136,137
http://opendatacommunities.org/id/geography/administration/npark/E26000006,Peak District National Park E26000006,15,24,31,36,40,36,37,37,32,39,37,38,36
http://opendatacommunities.org/id/geography/administration/nmd/E07000122,Pendle E07000122,81,82,85,89,86,85,81,83,85,92,100,104,114
http://opendatacommunities.org/id/geography/administration/ua/E06000031,Peterborough E06000031,73,95,110,119,125,116,129,137,129,123,103,106,120
http://opendatacommunities.org/id/geography/administration/ua/E06000026,Plymouth E06000026,136,129,120,107,101,88,79,74,79,75,85,87,74
http://opendatacommunities.org/id/geography/administration/ua/E06000029,Poole E06000029,285,279,304,328,342,358,370,376,394,403,395,398,384
http://opendatacommunities.org/id/geography/administration/ua/E06000044,Portsmouth E06000044,74,79,80,73,72,65,69,79,82,88,91,90,88
http://opendatacommunities.org/id/geography/administration/nmd/E07000123,Preston E07000123,104,107,96,99,82,77,97,100,116,132,139,149,171
http://opendatacommunities.org/id/geography/administration/nmd/E07000051,Purbeck E07000051,62,58,60,58,55,55,62,67,73,87,69,72,69
http://opendatacommunities.org/id/geography/administration/ua/E06000038,Reading E06000038,60,47,39,46,46,57,64,63,60,57,54,53,80
http://opendatacommunities.org/id/geography/administration/lonb/E09000026,Redbridge E09000026,159,150,158,144,155,168,155,165,147,149,134,141,117
http://opendatacommunities.org/id/geography/administration/ua/E06000003,Redcar and Cleveland E06000003,67,66,65,64,64,66,70,70,65,55,45,44,51
http://opendatacommunities.org/id/geography/administration/nmd/E07000236,Redditch E07000236,23,21,20,19,22,24,36,45,46,50,41,32,30
http://opendatacommunities.org/id/geography/administration/nmd/E07000211,Reigate and Banstead E07000211,202,224,229,248,276,253,229,230,206,201,233,216,222
http://opendatacommunities.org/id/geography/administration/nmd/E07000124,Ribble Valley E07000124,130,125,128,130,137,135,129,130,110,124,126,131,145
http://opendatacommunities.org/id/geography/administration/lonb/E09000027,Richmond upon Thames E09000027,194,188,207,186,151,172,159,186,193,180,160,143,144
http://opendatacommunities.org/id/geography/administration/nmd/E07000166,Richmondshire E07000166,93,78,68,73,78,78,84,80,67,69,64,56,56
http://opendatacommunities.org/id/geography/administration/md/E08000005,Rochdale E08000005,73,76,66,64,70,78,90,103,113,105,101,94,93
http://opendatacommunities.org/id/geography/administration/nmd/E07000075,Rochford E07000075,84,68,78,88,84,94,87,81,82,86,84,91,87
http://opendatacommunities.org/id/geography/administration/nmd/E07000125,Rossendale E07000125,58,65,67,75,81,77,77,71,63,57,58,61,67
http://opendatacommunities.org/id/geography/administration/nmd/E07000064,Rother E07000064,151,153,152,145,155,172,189,189,175,171,177,174,191
http://opendatacommunities.org/id/geography/administration/md/E08000018,Rotherham E08000018,131,144,143,153,142,139,141,133,121,117,115,96,106
http://opendatacommunities.org/id/geography/administration/nmd/E07000220,Rugby E07000220,106,106,111,110,108,127,125,130,130,125,124,136,141
http://opendatacommunities.org/id/geography/administration/nmd/E07000212,Runnymede E07000212,137,149,138,141,142,121,133,164,200,223,221,194,180
http://opendatacommunities.org/id/geography/administration/nmd/E07000176,Rushcliffe E07000176,128,144,154,156,147,146,141,158,161,169,169,171,172
http://opendatacommunities.org/id/geography/administration/nmd/E07000092,Rushmoor E07000092,80,82,77,69,75,50,62,55,57,74,65,72,66
http://opendatacommunities.org/id/geography/administration/ua/E06000017,Rutland E06000017,39,40,43,48,43,51,69,73,76,75,70,67,75
http://opendatacommunities.org/id/geography/administration/nmd/E07000167,Ryedale E07000167,84,74,77,77,71,66,79,83,96,105,92,85,81
http://opendatacommunities.org/id/geography/administration/md/E08000006,Salford E08000006,68,76,63,61,65,77,80,87,83,83,97,102,115
http://opendatacommunities.org/id/geography/administration/md/E08000028,Sandwell E08000028,122,130,122,115,126,115,136,133,116,114,91,84,84
http://opendatacommunities.org/id/geography/administration/nmd/E07000168,Scarborough E07000168,75,79,78,96,104,97,105,104,109,97,85,93,86
http://opendatacommunities.org/id/geography/administration/nmd/E07000188,Sedgemoor E07000188,171,183,195,184,179,182,186,194,167,150,142,137,163
http://opendatacommunities.org/id/geography/administration/md/E08000014,Sefton E08000014,133,136,136,125,114,109,114,106,112,113,108,113,124
http://opendatacommunities.org/id/geography/administration/nmd/E07000169,Selby E07000169,159,145,128,115,93,94,125,131,136,163,142,155,186
http://opendatacommunities.org/id/geography/administration/nmd/E07000111,Sevenoaks E07000111,230,230,226,228,265,246,247,273,229,236,239,206,249
http://opendatacommunities.org/id/geography/administration/md/E08000019,Sheffield E08000019,305,280,274,251,241,251,261,285,291,294,288,285,274
http://opendatacommunities.org/id/geography/administration/nmd/E07000112,Shepway E07000112,142,134,135,140,147,134,137,127,131,140,131,136,136
http://opendatacommunities.org/id/geography/administration/ua/E06000051,Shropshire E06000051,469,482,517,535,578,663,714,789,908,949,956,1071,1003
http://opendatacommunities.org/id/geography/administration/ua/E06000039,Slough E06000039,85,83,85,86,75,64,62,64,72,81,101,90,89
http://opendatacommunities.org/id/geography/administration/md/E08000029,Solihull E08000029,123,125,118,115,103,103,106,101,95,110,115,126,132
http://opendatacommunities.org/id/geography/administration/nmd/E07000006,South Bucks E07000006,211,208,209,206,197,201,208,207,235,239,242,242,229
http://opendatacommunities.org/id/geography/administration/nmd/E07000012,South Cambridgeshire E07000012,194,199,176,195,241,235,303,307,304,339,321,335,349
http://opendatacommunities.org/id/geography/administration/nmd/E07000039,South Derbyshire E07000039,132,142,135,134,125,144,155,153,158,158,162,158,162
http://opendatacommunities.org/id/geography/administration/npark/E26000010,South Downs National Park E26000010,,124,184,203,229,226,227,215,199,204,200,207,227
http://opendatacommunities.org/id/geography/administration/ua/E06000025,South Gloucestershire E06000025,275,274,241,257,265,248,284,298,300,298,278,254,245
http://opendatacommunities.org/id/geography/administration/nmd/E07000044,South Hams E07000044,200,184,180,181,164,187,222,229,264,289,278,296,283
http://opendatacommunities.org/id/geography/administration/nmd/E07000140,South Holland E07000140,145,163,171,155,161,151,140,147,174,194,227,250,267
http://opendatacommunities.org/id/geography/administration/nmd/E07000141,South Kesteven E07000141,174,153,173,197,202,194,163,157,144,161,173,161,169
http://opendatacommunities.org/id/geography/administration/nmd/E07000031,South Lakeland E07000031,112,117,119,119,109,114,123,120,138,149,140,165,162
http://opendatacommunities.org/id/geography/administration/nmd/E07000149,South Norfolk E07000149,212,236,261,298,300,299,279,252,258,262,274,305,319
http://opendatacommunities.org/id/geography/administration/nmd/E07000155,South Northamptonshire E07000155,226,219,205,231,218,211,202,196,209,207,205,183,171
http://opendatacommunities.org/id/geography/administration/nmd/E07000179,South Oxfordshire E07000179,232,239,255,263,277,290,298,349,364,368,398,360,346
http://opendatacommunities.org/id/geography/administration/nmd/E07000126,South Ribble E07000126,93,84,86,85,83,90,91,81,82,77,81,78,72
http://opendatacommunities.org/id/geography/administration/nmd/E07000189,South Somerset E07000189,267,291,286,316,338,357,379,387,360,338,342,353,406
http://opendatacommunities.org/id/geography/administration/nmd/E07000196,South Staffordshire E07000196,91,87,94,83,87,95,98,124,124,128,134,114,119
http://opendatacommunities.org/id/geography/administration/md/E08000023,South Tyneside E08000023,22,25,29,32,28,27,24,26,28,23,26,23,29
http://opendatacommunities.org/id/geography/administration/ua/E06000045,Southampton E06000045,249,215,211,213,172,173,172,171,176,174,177,160,167
http://opendatacommunities.org/id/geography/administration/ua/E06000033,Southend-on-Sea E06000033,174,158,170,168,165,190,194,224,213,206,201,191,191
http://opendatacommunities.org/id/geography/administration/lonb/E09000028,Southwark E09000028,510,576,667,710,664,660,610,585,666,641,625,648,600
http://opendatacommunities.org/id/geography/administration/nmd/E07000213,Spelthorne E07000213,73,72,70,64,55,69,83,83,92,77,74,83,82
http://opendatacommunities.org/id/geography/administration/nmd/E07000240,St Albans E07000240,245,227,231,245,252,266,268,248,240,218,206,232,249
http://opendatacommunities.org/id/geography/administration/nmd/E07000204,St Edmundsbury E07000204,92,104,98,103,96,95,111,116,134,135,129,129,124
http://opendatacommunities.org/id/geography/administration/md/E08000013,St. Helens E08000013,74,78,83,90,94,90,86,70,75,81,89,102,120
http://opendatacommunities.org/id/geography/administration/nmd/E07000197,Stafford E07000197,159,164,169,155,182,178,177,189,179,200,193,201,185
http://opendatacommunities.org/id/geography/administration/nmd/E07000198,Staffordshire Moorlands E07000198,105,106,100,102,105,104,107,106,108,112,107,105,94
http://opendatacommunities.org/id/geography/administration/nmd/E07000101,Stevenage E07000101,27,27,30,35,44,45,41,45,35,39,37,30,35
http://opendatacommunities.org/id/geography/administration/md/E08000007,Stockport E08000007,146,134,119,105,108,112,125,136,135,141,138,138,148
http://opendatacommunities.org/id/geography/administration/ua/E06000004,Stockton-on-Tees E06000004,93,91,82,76,81,84,89,95,90,87,77,67,67
http://opendatacommunities.org/id/geography/administration/ua/E06000021,Stoke-on-Trent E06000021,86,96,102,104,104,110,108,92,104,107,123,139,131
http://opendatacommunities.org/id/geography/administration/nmd/E07000221,Stratford-on-Avon E07000221,283,283,290,298,325,358,379,396,428,443,466,459,438
http://opendatacommunities.org/id/geography/administration/nmd/E07000082,Stroud E07000082,208,226,265,262,257,268,261,281,291,278,255,250,246
http://opendatacommunities.org/id/geography/administration/nmd/E07000205,Suffolk Coastal E07000205,254,274,284,272,284,279,307,352,384,402,385,344,323
http://opendatacommunities.org/id/geography/administration/md/E08000024,Sunderland E08000024,94,102,112,112,110,107,95,96,92,93,90,93,92
http://opendatacommunities.org/id/geography/administration/nmd/E07000214,Surrey Heath E07000214,54,58,68,75,78,72,73,67,75,82,90,90,92
http://opendatacommunities.org/id/geography/administration/lonb/E09000029,Sutton E09000029,156,143,140,141,139,144,158,172,176,201,217,215,241
http://opendatacommunities.org/id/geography/administration/nmd/E07000113,Swale E07000113,135,137,136,118,92,70,77,89,120,139,142,161,150
http://opendatacommunities.org/id/geography/administration/ua/E06000030,Swindon E06000030,46,56,55,58,68,53,78,85,93,112,96,94,96
http://opendatacommunities.org/id/geography/administration/md/E08000008,Tameside E08000008,101,100,98,95,94,94,97,106,106,116,102,88,89
http://opendatacommunities.org/id/geography/administration/nmd/E07000199,Tamworth E07000199,51,62,58,46,39,27,29,30,34,37,33,38,36
http://opendatacommunities.org/id/geography/administration/nmd/E07000215,Tandridge E07000215,153,158,171,201,206,209,198,173,152,142,157,161,175
http://opendatacommunities.org/id/geography/administration/nmd/E07000190,Taunton Deane E07000190,166,161,166,154,140,131,107,106,109,114,129,131,122
http://opendatacommunities.org/id/geography/administration/nmd/E07000045,Teignbridge E07000045,209,205,198,201,199,209,199,190,196,181,177,178,183
http://opendatacommunities.org/id/geography/administration/ua/E06000020,Telford and Wrekin E06000020,151,164,161,172,194,209,232,254,238,222,194,187,171
http://opendatacommunities.org/id/geography/administration/nmd/E07000076,Tendring E07000076,150,196,217,217,208,216,219,237,252,240,233,267,316
http://opendatacommunities.org/id/geography/administration/nmd/E07000093,Test Valley E07000093,138,151,155,155,157,161,162,161,161,152,178,193,215
http://opendatacommunities.org/id/geography/administration/nmd/E07000083,Tewkesbury E07000083,123,124,135,138,123,133,140,138,153,156,151,149,140
http://opendatacommunities.org/id/geography/administration/nmd/E07000114,Thanet E07000114,156,168,187,181,193,206,201,200,185,183,174,177,172
http://opendatacommunities.org/id/geography/administration/npark/E26000007,The Broads Authority E26000007,15,13,12,12,10,8,5,4,2,5,8,9,10
http://opendatacommunities.org/id/geography/administration/nmd/E07000102,Three Rivers E07000102,85,78,75,78,82,82,91,106,101,104,101,94,107
http://opendatacommunities.org/id/geography/administration/ua/E06000034,Thurrock E06000034,85,85,83,87,78,74,68,71,74,86,94,85,87
http://opendatacommunities.org/id/geography/administration/nmd/E07000115,Tonbridge and Malling E07000115,135,127,139,135,140,136,134,141,131,141,147,148,160
http://opendatacommunities.org/id/geography/administration/ua/E06000027,Torbay E06000027,136,127,121,128,127,119,118,105,105,117,120,112,116
http://opendatacommunities.org/id/geography/administration/nmd/E07000046,Torridge E07000046,160,140,130,94,90,80,67,75,63,82,95,124,167
http://opendatacommunities.org/id/geography/administration/lonb/E09000030,Tower Hamlets E09000030,240,240,243,261,280,330,379,376,399,374,359,372,378
http://opendatacommunities.org/id/geography/administration/md/E08000009,Trafford E08000009,126,127,115,99,113,123,147,166,165,162,167,140,131
http://opendatacommunities.org/id/geography/administration/nmd/E07000116,Tunbridge Wells E07000116,192,170,144,127,103,125,186,202,227,228,201,222,232
http://opendatacommunities.org/id/geography/administration/nmd/E07000077,Uttlesford E07000077,206,232,239,266,280,293,295,287,284,281,279,292,283
http://opendatacommunities.org/id/geography/administration/nmd/E07000180,Vale of White Horse E07000180,207,218,216,216,235,231,237,233,249,279,302,310,315
http://opendatacommunities.org/id/geography/administration/md/E08000036,Wakefield E08000036,237,227,233,230,219,220,214,215,234,270,291,279,265
http://opendatacommunities.org/id/geography/administration/md/E08000030,Walsall E08000030,126,135,134,143,149,137,139,131,117,123,116,114,117
http://opendatacommunities.org/id/geography/administration/lonb/E09000031,Waltham Forest E09000031,252,291,314,325,324,308,300,336,360,426,470,493,512
http://opendatacommunities.org/id/geography/administration/lonb/E09000032,Wandsworth E09000032,1001,1015,1087,1162,1194,1260,1267,1245,1272,1240,1231,1315,1317
http://opendatacommunities.org/id/geography/administration/ua/E06000007,Warrington E06000007,93,102,102,82,70,55,57,60,58,66,61,69,83
http://opendatacommunities.org/id/geography/administration/nmd/E07000222,Warwick E07000222,117,121,137,146,143,140,142,137,150,154,164,181,173
http://opendatacommunities.org/id/geography/administration/nmd/E07000103,Watford E07000103,53,59,70,76,112,120,114,118,96,101,102,104,117
http://opendatacommunities.org/id/geography/administration/nmd/E07000206,Waveney E07000206,128,113,120,117,104,121,117,133,142,131,153,145,151
http://opendatacommunities.org/id/geography/administration/nmd/E07000216,Waverley E07000216,237,220,232,223,225,243,266,276,305,319,307,317,319
http://opendatacommunities.org/id/geography/administration/nmd/E07000065,Wealden E07000065,178,176,170,182,181,187,189,184,200,208,242,281,316
http://opendatacommunities.org/id/geography/administration/nmd/E07000156,Wellingborough E07000156,103,104,95,76,78,76,83,91,94,94,85,80,69
http://opendatacommunities.org/id/geography/administration/nmd/E07000241,Welwyn Hatfield E07000241,109,107,102,101,97,90,77,74,62,74,82,85,92
http://opendatacommunities.org/id/geography/administration/ua/E06000037,West Berkshire E06000037,213,195,197,200,202,211,242,233,236,239,216,271,291
http://opendatacommunities.org/id/geography/administration/nmd/E07000047,West Devon E07000047,62,63,54,62,61,67,79,89,87,87,91,87,95
http://opendatacommunities.org/id/geography/administration/nmd/E07000052,West Dorset E07000052,160,169,162,152,136,125,172,204,238,246,211,202,208
http://opendatacommunities.org/id/geography/administration/nmd/E07000127,West Lancashire E07000127,139,154,168,162,165,158,146,150,131,133,130,108,124
http://opendatacommunities.org/id/geography/administration/nmd/E07000142,West Lindsey E07000142,94,108,114,123,126,126,146,161,181,197,224,236,240
http://opendatacommunities.org/id/geography/administration/nmd/E07000181,West Oxfordshire E07000181,230,235,226,223,218,222,254,262,287,296,272,289,289
http://opendatacommunities.org/id/geography/administration/nmd/E07000191,West Somerset E07000191,61,55,56,55,49,45,44,50,56,62,72,71,64
http://opendatacommunities.org/id/geography/administration/lonb/E09000033,Westminster E09000033,304,284,270,287,282,289,296,286,275,246,238,244,250
http://opendatacommunities.org/id/geography/administration/nmd/E07000053,Weymouth and Portland E07000053,80,80,73,64,63,78,85,101,95,87,88,77,101
http://opendatacommunities.org/id/geography/administration/md/E08000010,Wigan E08000010,135,135,150,155,163,169,172,160,154,139,119,115,112
http://opendatacommunities.org/id/geography/administration/ua/E06000054,Wiltshire E06000054,481,458,473,542,563,608,664,646,643,600,541,535,573
http://opendatacommunities.org/id/geography/administration/nmd/E07000094,Winchester E07000094,150,136,132,143,130,132,131,124,136,145,152,154,164
http://opendatacommunities.org/id/geography/administration/ua/E06000040,Windsor and Maidenhead E06000040,260,260,243,236,259,273,289,296,264,258,268,269,274
http://opendatacommunities.org/id/geography/administration/md/E08000015,Wirral E08000015,133,168,167,176,180,154,170,187,197,225,205,182,187
http://opendatacommunities.org/id/geography/administration/nmd/E07000217,Woking E07000217,54,58,63,64,69,75,88,96,104,95,82,71,65
http://opendatacommunities.org/id/geography/administration/ua/E06000041,Wokingham E06000041,148,148,141,145,132,124,146,160,156,165,151,150,159
http://opendatacommunities.org/id/geography/administration/md/E08000031,Wolverhampton E08000031,109,96,99,92,96,98,92,104,95,96,98,95,93
http://opendatacommunities.org/id/geography/administration/nmd/E07000237,Worcester E07000237,67,60,57,59,66,76,83,72,67,60,60,72,69
http://opendatacommunities.org/id/geography/administration/nmd/E07000229,Worthing E07000229,60,60,64,59,69,71,73,82,80,80,72,66,66
http://opendatacommunities.org/id/geography/administration/nmd/E07000238,Wychavon E07000238,290,305,303,311,325,313,319,323,309,324,315,277,287
http://opendatacommunities.org/id/geography/administration/nmd/E07000007,Wycombe E07000007,191,176,178,175,184,205,210,235,247,250,261,257,251
http://opendatacommunities.org/id/geography/administration/nmd/E07000128,Wyre E07000128,96,115,122,121,122,124,132,127,137,135,131,133,128
http://opendatacommunities.org/id/geography/administration/nmd/E07000239,Wyre Forest E07000239,64,64,65,74,70,67,68,64,59,59,59,53,51
http://opendatacommunities.org/id/geography/administration/ua/E06000014,York E06000014,154,167,176,176,170,168,164,152,157,156,160,172,179
http://opendatacommunities.org/id/geography/administration/npark/E26000008,Yorkshire Dales National Park E26000008,21,21,24,24,26,25,28,32,36,34,29,26,25
